filename;Titel;Autor_normalisiert;Jahr;Geschlecht
k00100000001;Marie Müller;Ahlefeld, Charlotte von;1799;f
k00100000002;Erna;Ahlefeld, Charlotte von;1819;f
k00100000003;Die Hosen des Herrn von Bredow;Alexis, Willibald;1846;m
k00100000004;Ruhe ist die erste Bürgerpflicht;Alexis, Willibald;1852;m
k00100000007;Schwester Monika;Anonym;1815;m
k00100000009;Der Sternsteinhof;Anzengruber, Ludwig;1885;m
k00100000012;Goethes Briefwechsel mit einem Kinde;Arnim, Bettina von;1835;f
k00100000013;Die Günderode;Arnim, Bettina von;1840;f
k00100000014;Clemens Brentanos Frühlingskranz;Arnim, Bettina von;1844;f
k00100000015;Armut, Reichtum, Schuld und Buße der Gräfin Dolores;Arnim, Ludwig Achim von;1810;m
k00100000016;Isabella von Ägypten;Arnim, Ludwig Achim von;1812;m
k00100000017;Die Kronenwächter. Erster Band.;Arnim, Ludwig Achim von;1817;m
k00100000018;Die Kronenwächter. Zweiter Band.;Arnim, Ludwig Achim von;1854;m
k00100000019;Aus dem Leben einer Frau;Aston, Louise;1847;f
k00100000020;Lydia;Aston, Louise;1848;f
k00100000021;Revolution und Contrerevolution;Aston, Louise;1849;f
k00100000022;Ivo der Hajrle;Auerbach, Berthold;1843;m
k00100000023;Der Lautenbacher;Auerbach, Berthold;1843;m
k00100000024;Die Frau Professorin;Auerbach, Berthold;1846;m
k00100000025;Lucifer;Auerbach, Berthold;1849;m
k00100000026;Brosi und Moni;Auerbach, Berthold;1853;m
k00100000027;Die Geschichte des Diethelm von Buchenberg;Auerbach, Berthold;1853;m
k00100000028;Der Lehnhold;Auerbach, Berthold;1854;m
k00100000029;Barfüßele;Auerbach, Berthold;1856;m
k00100000030;Die gute Schule;Bahr, Hermann;1890;m
k00100000031;Flammetti;Ball, Hugo;1918;m
k00100000038;Evremont;Bernhardi, Sophie;1822;f
k00100000039;Stilpe. Ein Roman aus der Froschperspektive;Bierbaum, Otto Julius;1897;m
k00100000040;Größenwahn;Bleibtreu, Karl;1888;m
k00100000041;Fanny Förster;Boy-Ed, Ida;1889;f
k00100000042;Vor der Ehe;Boy-Ed, Ida;1915;f
k00100000043;Lebenssucher;Braun, Lily;1915;f
k00100000044;Godwi oder Das steinerne Bild der Mutter;Brentano, Clemens;1801;m
k00100000046;Mittheilungen aus den geheimen Memoiren einer deutschen Sängerin;Bruckbräu, Friedrich Wilhelm;1829;m
k00100000048;Robinson, der Jüngere 1;Campe, Johann Heinrich;1779;m
k00100000049;Robinson, der Jüngere 2;Campe, Johann Heinrich;1779;m
k00100000052;Mathias Bichler;Christ, Lena;1914;f
k00100000053;Die Rumplhanni;Christ, Lena;1916;f
k00100000054;Madam Bäurin;Christ, Lena;1920;f
k00100000055;Jungfer Mutter;Christen, Ada;1892;f
k00100000056;Liebe und Irrthum ;Clauren;1827;m
k00100000058;Was die Isar rauscht;Conrad, Michael Georg;1888;m
k00100000059;Adam Mensch;Conradi, Hermann;1889;m
k00100000062;Kampf um Rom;Dahn, Felix;1876;m
k00100000070;Wie Frauen werden;Dohm, Hedwig;1894;f
k00100000071;Sibilla Dalmar;Dohm, Hedwig;1896;f
k00100000072;Schicksale einer Seele;Dohm, Hedwig;1899;f
k00100000073;Christa Ruland;Dohm, Hedwig;1902;f
k00100000077;Großstadt;Duncker, Dora;1900;f
k00100000078;Bozena;Ebner-Eschenbach, Marie von;1876;f
k00100000079;Lotti, die Uhrmacherin;Ebner-Eschenbach, Marie von;1880;f
k00100000080;Das Gemeindekind;Ebner-Eschenbach, Marie von;1887;f
k00100000081;Ein kleiner Roman;Ebner-Eschenbach, Marie von;1889;f
k00100000082;Unsühnbar;Ebner-Eschenbach, Marie von;1890;f
k00100000083;Agave;Ebner-Eschenbach, Marie von;1903;f
k00100000084;Amalie. Eine wahre Geschichte in Briefen;Ehrmann, Marianne;1788;f
k00100000085;Ninas Briefe an ihren Geliebten;Ehrmann, Marianne;1788;f
k00100000086;Ahnung und Gegenwart;Eichendorff, Joseph von;1815;m
k00100000087;Dichter und ihre Gesellen;Eichendorff, Joseph von;1834;m
k00100000088;Herr Lorenz Stark;Engel, Johann Jakob;1795;m
k00100000090;Der Taifun;Essig, Hermann;1919;m
k00100000091;Reich und arm;Felder, Franz Michael;1868;m
k00100000094;Vierzehn Tage in Paris;Fischer, Caroline Auguste;1801;f
k00100000095;Gustavs Verirrungen;Fischer, Caroline Auguste;1801;f
k00100000096;Die Honigmonathe;Fischer, Caroline Auguste;1802;f
k00100000097;Der Günstling;Fischer, Caroline Auguste;1808;f
k00100000098;Margarethe;Fischer, Caroline Auguste;1812;f
k00100000099;Hannchens Hin- und Herzüge;Fischer, Christian August;1807;m
k00100000102;Seefahrt ist not!;Fock, Gorch;1913;m
k00100000103;Vor dem Sturm;Fontane, Theodor;1878;m
k00100000104;Grete Minde;Fontane, Theodor;1879;m
k00100000105;L Adultera;Fontane, Theodor;1880;m
k00100000106;Ellernklipp;Fontane, Theodor;1881;m
k00100000107;Schach von Wuthenow;Fontane, Theodor;1882;m
k00100000108;Graf Petöfy;Fontane, Theodor;1884;m
k00100000109;Unterm Birnbaum;Fontane, Theodor;1885;m
k00100000110;Cécile;Fontane, Theodor;1887;m
k00100000111;Irrungen, Wirrungen;Fontane, Theodor;1887;m
k00100000112;Stine;Fontane, Theodor;1890;m
k00100000113;Quitt;Fontane, Theodor;1890;m
k00100000114;Unwiederbringlich;Fontane, Theodor;1892;m
k00100000115;Frau Jenny Treibel;Fontane, Theodor;1892;m
k00100000116;Effi Briest;Fontane, Theodor;1894;m
k00100000117;Die Poggenpuhls;Fontane, Theodor;1895;m
k00100000118;Der Stechlin;Fontane, Theodor;1897;m
k00100000119;Mathilde Möhring;Fontane, Theodor;1906;m
k00100000120;Rodrich;Fouqué, Caroline de la Motte;1807;f
k00100000121;Die Frau des Falkensteins;Fouqué, Caroline de la Motte;1810;f
k00100000122;Magie der Natur;Fouqué, Caroline de la Motte;1812;f
k00100000123;Der Spanier und der Freiwillige in Paris;Fouqué, Caroline de la Motte;1814;f
k00100000124;Resignation;Fouqué, Caroline de la Motte;1829;f
k00100000125;Judith die Kluswirtin;François, Louise von;1862;f
k00100000126;Die Geschichte meines Urgroßvaters;François, Louise von;1868;f
k00100000127;Die letzte Reckenburgerin;François, Louise von;1871;f
k00100000128;Stufenjahre eines Glücklichen;François, Louise von;1877;f
k00100000129;Der Katzenjunker;François, Louise von;1879;f
k00100000130;Leib Weihnachtskuchen und sein Kind;Franzos, Karl Emil;1896;m
k00100000131;Der Pojaz;Franzos, Karl Emil;1905;m
k00100000132;Wir Frauen haben kein Vaterland;Frapan, Ilse;1899;f
k00100000133;Arbeit;Frapan, Ilse;1903;f
k00100000134;Soll und Haben;Freytag, Gustav;1855;m
k00100000135;Die verlorene Handschrift;Freytag, Gustav;1864;m
k00100000137;Virginia oder Die Kolonie von Kentucky;Frölich, Henriette;1819;f
k00100000138;Schloß Hubertus;Ganghofer, Ludwig;1895;m
k00100000139;Der Ochsenkrieg;Ganghofer, Ludwig;1914;m
k00100000142;Die Regulatoren in Arkansas. Aus dem Waldleben Amerikas;Gerstäcker, Friedrich;1846;m
k00100000143;Die Flußpiraten des Mississippi. Aus dem Waldleben Amerikas.;Gerstäcker, Friedrich;1848;m
k00100000145;Die Leiden des jungen Werther;Goethe, Johann Wolfgang;1774;m
k00100000146;Wilhelm Meisters Lehrjahre;Goethe, Johann Wolfgang;1795;m
k00100000147;Die Wahlverwandtschaften;Goethe, Johann Wolfgang;1809;m
k00100000148;Wilhelm Meisters Wanderjahre;Goethe, Johann Wolfgang;1821;m
k00100000151;Wie Uli der Knecht glücklich wird;Gotthelf, Jeremias;1841;m
k00100000152;Geld und Geist;Gotthelf, Jeremias;1843;m
k00100000153;Uli der Pächter;Gotthelf, Jeremias;1849;m
k00100000157;Wally, die Zweiflerin;Gutzkow, Karl;1835;m
k00100000160;Europäisches Sklavenleben;Hackländer, Friedrich Wilhelm von;1854;m
k00100000161;Gräfin Faustine;Hahn-Hahn, Ida Gräfin von;1840;f
k00100000162;Sibylle;Hahn-Hahn, Ida Gräfin von;1846;f
k00100000163;Maria Regina;Hahn-Hahn, Ida Gräfin von;1860;f
k00100000164;Usong;Haller, Albrecht von;1771;m
k00100000165;Mitteilungen aus den Memoiren des Satan;Hauff, Wilhelm;1825;m
k00100000166;Lichtenstein;Hauff, Wilhelm;1826;m
k00100000167;Die Bettlerin vom Pont des Arts;Hauff, Wilhelm;1826;m
k00100000168;Einhart der Lächler;Hauptmann, Carl;1915;m
k00100000169;Ardinghello und die glückseligen Inseln;Heinse, Wilhelm;1787;m
k00100000171;Faust und Don Juan;Hesekiel, George;1846;m
k00100000172;Briefe, die ihn nicht erreichten;Heyking, Elisabeth von;1903;f
k00100000173;Tschun;Heyking, Elisabeth von;1914;f
k00100000174;Kreuz- und Querzüge des Ritters A bis Z;Hippel, Theodor Gottlieb von;1760;m
k00100000175;Lebensläufe nach aufsteigender Linie;Hippel, Theodor Gottlieb von;1778;m
k00100000176;Die Elixiere des Teufels;Hoffmann, E. T. A.;1815;m
k00100000177;Lebensansichten des Katers Murr;Hoffmann, E. T. A.;1819;m
k00100000179;Fragment von Hyperion;Hölderlin, Friedrich;1795;m
k00100000180;Hyperions Jugend;Hölderlin, Friedrich;1795;m
k00100000181;Hyperion oder der Eremit in Griechenland;Hölderlin, Friedrich;1797;m
k00100000182;Die Familie Seldorf;Huber, Therese;1795;f
k00100000183;Luise;Huber, Therese;1796;f
k00100000184;Klosterberuf;Huber, Therese;1807;f
k00100000185;Ellen Percy;Huber, Therese;1822;f
k00100000189;Die Epigonen;Immermann, Karl;1836;m
k00100000190;Münchhausen;Immermann, Karl;1838;m
k00100000191;Woldemar;Jacobi, Friedrich Heinrich;1779;m
k00100000192;Aus Eduard Allwills Papieren;Jacobi, Friedrich Heinrich;1781;m
k00100000193;Niels Lyhne;Jacobsen, Jens Peter;1880;m
k00100000194;Ninive;Janitschek, Maria;1896;f
k00100000195;Die Amazonenschlacht;Janitschek, Maria;1897;f
k00100000196;Einer Mutter Sieg;Janitschek, Maria;1898;f
k00100000197;Die unsichtbare Loge;Jean Paul;1793;m
k00100000198;Hesperus oder 45 Hundsposttage;Jean Paul;1795;m
k00100000199;Leben des Quintus Fixlein;Jean Paul;1796;m
k00100000200;Blumen-, Frucht- und Dornenstücke;Jean Paul;1796;m
k00100000201;Titan;Jean Paul;1800;m
k00100000202;Des Luftschiffers Giannozzo Seebuch;Jean Paul;1801;m
k00100000203;Flegeljahre;Jean Paul;1804;m
k00100000204;Des Feldpredigers Schmelzle Reise nach Flätz;Jean Paul;1809;m
k00100000205;Dr. Katzenbergers Badereise;Jean Paul;1809;m
k00100000209;Der grüne Heinrich1 [Erste Fassung];Keller, Gottfried;1854;m
k00100000210;Der grüne Heinrich2 [Zweite Fassung];Keller, Gottfried;1879;m
k00100000211;Martin Salander;Keller, Gottfried;1886;m
k00100000212;Beate und Mareile;Keyserling, Eduard von;1903;m
k00100000213;Dumala;Keyserling, Eduard von;1907;m
k00100000214;Wellen;Keyserling, Eduard von;1911;m
k00100000215;Abendliche Häuser;Keyserling, Eduard von;1914;m
k00100000216;Bracke;Klabund;1918;m
k00100000218;Die Nachtwachen des Bonaventura;Klingemann, August;1804;m
k00100000219;Fausts Leben, Taten und Höllenfahrt;Klinger, Friedrich Maximilian;1791;m
k00100000220;Geschichte eines Teutschen der neusten Zeit;Klinger, Friedrich Maximilian;1798;m
k00100000221;Benjamin Noldmanns Geschichte der Aufklärung in Abyssinien;Knigge, Adolph Freiherr von;1791;m
k00100000222;Josephs von Wurmbrands ... politisches Glaubensbekenntnis;Knigge, Adolph Freiherr von;1792;m
k00100000223;Die Reise nach Braunschweig;Knigge, Adolph Freiherr von;1792;m
k00100000224;Meister Timpe;Kretzer, Max;1888;m
k00100000225;Der Amerika-Müde;Kürnberger, Ferdinand;1855;m
k00100000226;Der Sonnenwirt;Kurz, Hermann;1854;m
k00100000227;Geschichte des Fräuleins von Sternheim;La Roche, Sophie von;1771;f
k00100000228;Rosaliens Briefe an ihre Freundin Mariane von St**;La Roche, Sophie von;1779;f
k00100000229;Erscheinungen am See Oneida;La Roche, Sophie von;1798;f
k00100000230;Das junge Europa;Laube, Heinrich;1833;m
k00100000234;Clementine;Lewald, Fanny;1842;f
k00100000235;Jenny;Lewald, Fanny;1843;f
k00100000236;Eine Lebensfrage;Lewald, Fanny;1845;f
k00100000237;Diogena;Lewald, Fanny;1847;f
k00100000238;Von Geschlecht zu Geschlecht;Lewald, Fanny;1864;f
k00100000239;Maria;Liebeskind, Margareta Sophia;1784;f
k00100000240;Leben und Lüge;Liliencron, Detlev von;1908;m
k00100000243;Zwischen Himmel und Erde;Ludwig, Otto;1856;m
k00100000244;Die Heiteretei und ihr Widerspiel;Ludwig, Otto;1857;m
k00100000246;Goldelse;Marlitt, Eugenie;1866;f
k00100000247;Das Geheimnis der alten Mamsell;Marlitt, Eugenie;1867;f
k00100000248;Das Heideprinzeßchen;Marlitt, Eugenie;1871;f
k00100000249;Amtmanns Magd;Marlitt, Eugenie;1881;f
k00100000250;Die Frau mit den Karfunkelsteinen;Marlitt, Eugenie;1885;f
k00100000251;Durchs wilde Kurdistan;May, Karl;1892;m
k00100000252;Old Surehand I;May, Karl;1894;m
k00100000253;Old Surehand II;May, Karl;1894;m
k00100000254;Im Lande des Mahdi I;May, Karl;1896;m
k00100000255;Im Lande des Mahdi II;May, Karl;1896;m
k00100000256;Im Lande des Mahdi III;May, Karl;1896;m
k00100000257;Satan und Ischariot I;May, Karl;1896;m
k00100000258;Auf fremden Pfaden;May, Karl;1897;m
k00100000259;Satan und Ischariot II;May, Karl;1897;m
k00100000260;Satan und Ischariot III;May, Karl;1897;m
k00100000261;Im Reiche des silbernen Löwen I;May, Karl;1898;m
k00100000262;Im Reiche des silbernen Löwen II;May, Karl;1898;m
k00100000263;Old Surehand III;May, Karl;1898;m
k00100000264;Am Jenseits;May, Karl;1899;m
k00100000265;Im Reiche des silbernen Löwen III;May, Karl;1902;m
k00100000266;Im Reiche des silbernen Löwen IV;May, Karl;1903;m
k00100000267;Und Friede auf Erden!;May, Karl;1904;m
k00100000268;Ardistan und Dschinnistan II;May, Karl;1909;m
k00100000269;Winnetou IV;May, Karl;1910;m
k00100000270;Die Bernsteinhexe;Meinhold, Wilhelm;1843;m
k00100000271;Die Intellektuellen;Meisel-Hess, Grete;1911;f
k00100000273;Das Blüthenalter der Empfindung;Mereau, Sophie;1794;f
k00100000274;Amanda und Eduard;Mereau, Sophie;1803;f
k00100000275;Jürg Jenatsch;Meyer, Conrad Ferdinand;1876;m
k00100000276;Der Heilige;Meyer, Conrad Ferdinand;1880;m
k00100000277;Die Versuchung des Pescara;Meyer, Conrad Ferdinand;1887;m
k00100000278;Angela Borgia;Meyer, Conrad Ferdinand;1891;m
k00100000279;Der Golem;Meyrink, Gustav;1913;m
k00100000280;Unerfüllt;Meysenbug, Malwida Freiin von;1885;f
k00100000281;Himmlische und irdische Liebe;Meysenbug, Malwida Freiin von;1905;f
k00100000282;Siegwart. Eine Klostergeschichte;Miller, Johann Martin;1776;m
k00100000284;Die Mandanenwaise;Möllhausen, Balduin;1865;m
k00100000285;Maler Nolten;Mörike, Eduard;1832;m
k00100000286;Anton Reiser;Moritz, Karl Philipp;1785;m
k00100000287;Andreas Hartknopf. Eine Allegorie;Moritz, Karl Philipp;1786;m
k00100000288;Andreas Hartknopfs Predigerjahre;Moritz, Karl Philipp;1790;m
k00100000289;Siegfried von Lindenberg;Müller, Johann Gottwerth;1779;m
k00100000290;Tropen. Der Mythos der Reise. Urkunden eines deutschen Ingenieurs;Müller, Robert;1915;m
k00100000292;Madonna. Unterhaltungen mit einer Heiligen;Mundt, Theodor;1835;m
k00100000294;Die Amtmannin von Hohenweiler;Naubert, Benedikte;1787;f
k00100000295;Herrmann von Unna;Naubert, Benedikte;1788;f
k00100000296;Alf von Dülmen;Naubert, Benedikte;1790;f
k00100000297;Das Leben und die Meinungen des Herrn Magister Sebaldus Nothanker;Nicolai, Friedrich;1773;m
k00100000298;Heinrich von Ofterdingen;Novalis;1802;m
k00100000299;Die Lehrlinge zu Sais;Novalis;1802;m
k00100000300;Schloß und Fabrik;Otto, Louise;1846;f
k00100000301;Nürnberg. Erster Band;Otto, Louise;1858;f
k00100000302;Nürnberg. Zweiter Band;Otto, Louise;1858;f
k00100000303;Nürnberg. Dritter Band;Otto, Louise;1858;f
k00100000304;Godwie-Castle;Paalzow, Henriette von;1838;f
k00100000305;Ste. Roche;Paalzow, Henriette von;1839;f
k00100000306;Lienhard und Gertrud 1;Pestalozzi, Johann Heinrich;1781;m
k00100000307;Lienhard und Gertrud 2;Pestalozzi, Johann Heinrich;1781;m
k00100000308;Lienhard und Gertrud 3;Pestalozzi, Johann Heinrich;1781;m
k00100000309;Lienhard und Gertrud 4;Pestalozzi, Johann Heinrich;1781;m
k00100000312;Agathocles;Pichler, Karoline;1828;f
k00100000313;Der Büttnerbauer;Polenz, Wilhelm von;1895;m
k00100000315;Die Chronik der Sperlingsgasse;Raabe, Wilhelm;1857;m
k00100000316;Der Hungerpastor;Raabe, Wilhelm;1863;m
k00100000317;Die Leute aus dem Walde, ihre Sterne, Wege und Schicksale;Raabe, Wilhelm;1863;m
k00100000318;Abu Telfan oder Die Heimkehr vom Mondgebirge;Raabe, Wilhelm;1867;m
k00100000319;Der Schüdderump;Raabe, Wilhelm;1869;m
k00100000320;Alte Nester;Raabe, Wilhelm;1879;m
k00100000321;Im alten Eisen;Raabe, Wilhelm;1887;m
k00100000322;Das Odfeld;Raabe, Wilhelm;1888;m
k00100000323;Stopfkuchen. Eine See- und Mordgeschichte;Raabe, Wilhelm;1891;m
k00100000324;Die Akten des Vogelsangs;Raabe, Wilhelm;1896;m
k00100000325;Hastenbeck;Raabe, Wilhelm;1899;m
k00100000329;Ellen Olestjerne;Reventlow, Franziska Gräfin zu;1903;f
k00100000330;Von Paul zu Pedro;Reventlow, Franziska Gräfin zu;1912;f
k00100000331;Herrn Dames Aufzeichnungen;Reventlow, Franziska Gräfin zu;1913;f
k00100000332;Der Geldkomplex;Reventlow, Franziska Gräfin zu;1916;f
k00100000334;Die Aufzeichnungen des Malte Laurids Brigge;Rilke, Rainer Maria;1910;m
k00100000335;Die Schriften des Waldschulmeisters;Rosegger, Peter;1875;m
k00100000336;Der Pedlar;Ruppius, Otto;1857;m
k00100000337;Das Vermächtnis des Pedlars;Ruppius, Otto;1859;m
k00100000339;Paralyse;Sack, Gustav;1913;m
k00100000341;Tarub, Bagdads berühmte Köchin;Scheerbart, Paul;1897;m
k00100000342;Liwûna und Kaidôh. Ein Seelenroman;Scheerbart, Paul;1901;m
k00100000343;Immer mutig!;Scheerbart, Paul;1902;m
k00100000344;Lesabéndio. Ein Asteroiden-Roman;Scheerbart, Paul;1913;m
k00100000345;Ekkehard;Scheffel, Joseph Viktor von;1855;m
k00100000346;Der Geisterseher;Schiller, Friedrich;1788;m
k00100000347;Die Denkwürdigkeiten des Herrn v. H.;Schilling, Friedrich Gustav;1787;m
k00100000348;Florentin;Schlegel, Dorothea;1801;f
k00100000349;Lucinde;Schlegel, Friedrich;1799;m
k00100000352;Frau Berta Garlan;Schnitzler, Arthur;1901;m
k00100000353;Der Weg ins Freie;Schnitzler, Arthur;1907;m
k00100000354;Doktor Gräsler, Badearzt;Schnitzler, Arthur;1917;m
k00100000355;Casanovas Heimfahrt;Schnitzler, Arthur;1918;m
k00100000357;Anna;Schopenhauer, Adele;1845;f
k00100000358;Gabriele;Schopenhauer, Johanna;1819;f
k00100000359;Die Tante;Schopenhauer, Johanna;1823;f
k00100000360;Richard Wood;Schopenhauer, Johanna;1837;f
k00100000361;Aus den Memoiren einer Sängerin;Schröder-Devrient, Wilhelmine;1829;f
k00100000364;Problematische Naturen. Erste Abtheilung;Spielhagen, Friedrich;1861;m
k00100000365;Problematische Naturen. Zweite Abtheilung (Durch Nacht zum Licht);Spielhagen, Friedrich;1861;m
k00100000366;Hammer und Amboß;Spielhagen, Friedrich;1869;m
k00100000367;Zum Zeitvertreib;Spielhagen, Friedrich;1897;m
k00100000368;Faustulus;Spielhagen, Friedrich;1898;m
k00100000369;Der Jude;Spindler, Carl;1827;m
k00100000370;Conrad;Spitteler, Carl;1898;m
k00100000371;Imago;Spitteler, Carl;1906;m
k00100000372;Die Mädchenfeinde;Spitteler, Carl;1907;m
k00100000373;Heidis Lehr- und Wanderjahre;Spyri, Johanna;1880;f
k00100000374;Heidi kann brauchen, was es gelernt hat;Spyri, Johanna;1881;f
k00100000377;Die Mappe meines Urgroßvaters;Stifter, Adalbert;1841;m
k00100000378;Feldblumen;Stifter, Adalbert;1841;m
k00100000379;Die Narrenburg;Stifter, Adalbert;1843;m
k00100000380;Der Hagestolz;Stifter, Adalbert;1845;m
k00100000381;Zwei Schwestern;Stifter, Adalbert;1846;m
k00100000382;Der Nachsommer;Stifter, Adalbert;1857;m
k00100000383;Witiko;Stifter, Adalbert;1865;m
k00100000385;Der Schimmelreiter;Storm, Theodor;1888;m
k00100000387;Frau Sorge;Sudermann, Hermann;1887;m
k00100000388;Jons und Erdme;Sudermann, Hermann;1917;m
k00100000389;Die Waffen nieder!;Suttner, Bertha von;1889;f
k00100000390;Marthas Kinder;Suttner, Bertha von;1902;f
k00100000393;Andreas Vöst;Thoma, Ludwig;1906;m
k00100000394;Der Wittiber;Thoma, Ludwig;1911;m
k00100000397;Geschichte des Herrn William Lovell;Tieck, Ludwig;1795;m
k00100000398;Franz Sternbalds Wanderungen;Tieck, Ludwig;1798;m
k00100000399;Der junge Tischlermeister;Tieck, Ludwig;1836;m
k00100000400;Vittoria Accorombona;Tieck, Ludwig;1840;m
k00100000406;Julchen Grünthal;Unger, Friederike Helene;1784;f
k00100000407;Albert und Albertine;Unger, Friederike Helene;1804;f
k00100000408;Bekenntnisse einer schönen Seele;Unger, Friederike Helene;1806;f
k00100000409;Die Zerissenen;Ungern-Sternberg, Alexander von;1832;m
k00100000414;Auch Einer 1;Vischer, Friedrich Theodor;1879;m
k00100000415;Auch Einer 2;Vischer, Friedrich Theodor;1879;m
k00100000416;Ini;Voß, Julius;1810;m
k00100000417;Rinaldo Rinaldini, der Räuberhauptmann;Vulpius, Christian August;1799;m
k00100000418;Die Briten in Rom;Waiblinger, Wilhelm;1828;m
k00100000420;Die Juden von Zirndorf;Wassermann, Jakob;1897;m
k00100000421;Caspar Hauser;Wassermann, Jakob;1907;m
k00100000422;Das Gänsemännchen;Wassermann, Jakob;1915;m
k00100000423;Christian Wahnschaffe;Wassermann, Jakob;1919;m
k00100000424;Fragment eines Romans;Weerth, Georg;1846;m
k00100000425;Schnapphahnski;Weerth, Georg;1848;m
k00100000428;Belphegor;Wezel, Johann Karl;1776;m
k00100000429;Hermann und Ulrike;Wezel, Johann Karl;1780;m
k00100000430;Kakerlak oder die Geschichte eines Rosenkreuzers;Wezel, Johann Karl;1784;m
k00100000435;Die Abenteuer des Don Sylvio von Rosalva;Wieland, Christoph Martin;1764;m
k00100000436;Geschichte des Agathon;Wieland, Christoph Martin;1766;m
k00100000437;Der goldene Spiegel;Wieland, Christoph Martin;1772;m
k00100000438;Geschichte der Abderiten;Wieland, Christoph Martin;1774;m
k00100000439;Peregrinus Proteus;Wieland, Christoph Martin;1788;m
k00100000440;Aristipp und einige seiner Zeitgenossen;Wieland, Christoph Martin;1800;m
k00100000442;Die Abendburg;Wille, Bruno;1909;m
k00100000443;Glasberg;Wille, Bruno;1920;m
k00100000444;Die Europamüden;Willkomm, Ernst Adolf;1837;m
k00100000445;Weisse Sclaven oder die Leiden des Volkes;Willkomm, Ernst Adolf;1845;m
k00100000446;Elisa;Wobeser, Wilhelmine Karoline von;1795;f
k00100000447;Agnes von Lilien;Wolzogen, Caroline von;1798;f
k00100000448;Robert der Schiffsjunge;Wörishöffer, Sophie;1877;f
k00100000453;Das Goldmacherdorf;Zschokke, Heinrich;1817;m
k00200000002;Das Schloß im Moor;Achleitner, Arthur;1903;m
k00200000003;Haus Nummer 37;Adolph, Karl;1908;m
k00200000007;Anatewka;Alejchem, Scholem;1894;m
k00200000008;Cabanis;Alexis, Willibald;1832;m
k00200000009;Isegrimm;Alexis, Willibald;1854;m
k00200000010;Der Roland von Berlin – Erster Band;Alexis, Willibald;1840;m
k00200000011;Der Roland von Berlin – Zweiter Band;Alexis, Willibald;1840;m
k00200000012;Der Roland von Berlin – Dritter Band;Alexis, Willibald;1840;m
k00200000013;Walladmor;Alexis, Willibald;1824;m
k00200000014;Der Werwolf;Alexis, Willibald;1848;m
k00200000015;Der Werwolf;Alexis, Willibald;1848;m
k00200000016;Der falsche Woldemar;Alexis, Willibald;1842;m
k00200000026;Hollin's Liebeleben;Arnim, Achim von;1802;m
k00200000028;Der Schuhmeier;Ascher, Robert;1890;m
k00200000029;Auf der Höhe Band I;Auerbach, Berthold;1865;m
k00200000030;Auf der Höhe Zweiter Band;Auerbach, Berthold;1871;m
k00200000031;Auf der Höhe Dritter Band;Auerbach, Berthold;1871;m
k00200000032;Auf der Höhe Vierter Band;Auerbach, Berthold;1871;m
k00200000033;Das Landhaus am Rhein / Band I;Auerbach, Berthold;1869;m
k00200000034;Das Landhaus am Rhein / Band II;Auerbach, Berthold;1869;m
k00200000035;Das Landhaus am Rhein / Band III;Auerbach, Berthold;1869;m
k00200000036;Das Landhaus am Rhein / Band IV;Auerbach, Berthold;1869;m
k00200000037;Das Landhaus am Rhein / Band V;Auerbach, Berthold;1869;m
k00200000038;Landolin von Reutershöfen;Auerbach, Berthold;1878;m
k00200000040;Aus dem Leben und den Schriften des Magisters Herle, und seines Freundes Mänle;Aurbacher, Ludwig;1842;m
k00200000041;Die Hexe Drut;Bahr, Hermann;1919;m
k00200000042;Himmelfahrt;Bahr, Hermann;1916;m
k00200000043;O Mensch!;Bahr, Hermann;1910;m
k00200000044;Die Rahl;Bahr, Hermann;1909;m
k00200000045;Theater;Bahr, Hermann;1897;m
k00200000080;Der gestohlene Mond;Barlach, Ernst;1896;m
k00200000082;Graf Udo Bodo;Baudissin, Wolf Graf von;1920;m
k00200000083;Die Kriegsurlauber;Schlicht, Freiherr von_(Wolf Graf von Baudissin);1757;m
k00200000089;Der Dunkelgraf;Bechstein, Ludwig;1882;m
k00200000090;Die Nonnensusel;Becker, August;1828;m
k00200000094;Die Heimkehr;Bentzon, Therese;1916;f
k00200000096;Die Bräutigame der Babette Bomberling;Berend, Alice;1915;f
k00200000098;Frau Hempels Tochter;Berend, Alice;1912;f
k00200000101;Die Reise des Herrn Sebastian Wenzel;Berend, Alice;1912;f
k00200000108;Hemmungslos;Bettauer, Hugo;1920;m
k00200000117;Pankrazius Graunzer;Bierbaum, Otto Julius;1896;m
k00200000123;Prinz Kuckuck;Bierbaum, Otto Julius;1906;m
k00200000127;Das Schöne Mädchen von Pao;Bierbaum, Otto Julius;1899;m
k00200000130;Die Schlangendame;Bierbaum, Otto Julius;1896;m
k00200000133;Studenten-Beichten;Bierbaum, Otto Julius;1893;m
k00200000144;Die Leuenhofer;Bindschedler, Ida;1919;f
k00200000145;Die Turnachkinder im Sommer;Bindschedler, Ida;1906;f
k00200000146;Die Turnachkinder im Winter;Bindschedler, Ida;1909;f
k00200000147;Moderne Novellen;Birt, Theodor;1844;m
k00200000163;Bismarck – Band 1;Bleibtreu, Karl;1881;m
k00200000169;Dilettanten des Lasters;Blüthgen, Clara;1902;f
k00200000177;Nachtwachen;Bonaventura;1804;m
k00200000180;Annas Ehe;Boy-Ed, Ida;1900;f
k00200000181;Empor!;Boy-Ed, Ida;1892;f
k00200000182;Ein königlicher Kaufmann;Boy-Ed, Ida;1911;f
k00200000183;Die Opferschale;Boy-Ed, Ida;1915;f
k00200000184;Um ein Weib;Boy-Ed, Ida;1906;f
k00200000187;Friedemann Bach;Brachvogel, Albert Emil;1858;m
k00200000188;Die Tochter des Kunstreiters;Brackel, Ferdinande Freiin von;1875;f
k00200000191;Geschichten aus der Jugendzeit;Braun, Isabella;1852;f
k00200000192;Die Liebesbriefe der Marquise;Braun, Lily;1912;f
k00200000198;Ein Mönchsleben aus der empfindsamen Zeit;Bronner, Franz Xaver;1912;m
k00200000199;Ein Mönchsleben aus der empfindsamen Zeit - Band 2;Bronner, Franz Xaver;1796;m
k00200000238;Ratsmädelgeschichten;Böhlau, Helene;1888;f
k00200000242;Tagebuch einer Verlorenen;Böhme, Margarete;1905;f
k00200000253;Ein Stadtjunker in Braunschweig;Carlssen, Egbert;1882;m
k00200000261;Erinnerungen einer Überflüssigen;Christ, Lena;1912;f
k00200000284;Mit den Augen des Westens;Conrad, Joseph;1913;m
k00200000287;Der Geheimagent;Conrad, Joseph;1900;m
k00200000293;Lord Jim;Conrad, Joseph;1920;m
k00200000297;Majestät;Conrad, Michael Georg;1873;m
k00200000335;Walhall;Dahn, Felix Dahn und Therese;1885;m
k00200000336;Attila;Dahn, Felix;1882;m
k00200000337;Die Bataver;Dahn, Felix;1890;m
k00200000338;Bissula;Dahn, Felix;1876;m
k00200000339;Vom Chiemgau;Dahn, Felix;1876;m
k00200000340;Chlodovech;Dahn, Felix;1895;m
k00200000341;Ebroin;Dahn, Felix;1876;m
k00200000342;Felicitas;Dahn, Felix;1890;m
k00200000343;Fredigundis;Dahn, Felix;1890;m
k00200000344;Gelimer;Dahn, Felix;1876;m
k00200000348;Die schlimmen Nonnen von Poitiers;Dahn, Felix;1876;m
k00200000352;Sind Götter?;Dahn, Felix;1874;m
k00200000354;Felix Dahn;Dahn, Felix;1834;m
k00200000355;Der Vater und die Söhne;Dahn, Felix;1876;m
k00200000373;Geschichten aus den vier Winden;Dauthendey, Max;1915;m
k00200000375;Der Geist meines Vaters;Dauthendey, Max;1912;m
k00200000376;Josa Gerth;Dauthendey, Max;1893;m
k00200000379;Raubmenschen;Dauthendey, Max;1911;m
k00200000388;Der Übergang;David, Jakob Julius;1902;m
k00200000389;Brausejahre;Decken, A. v. d.;1885;m
k00200000393;Zwei Menschen;Dehmel, Richard;1903;m
k00200000417;Die Amazone;Dingelstedt, Franz;1869;m
k00200000418;Die neuen Argonauten;Dingelstedt, Franz;1839;m
k00200000427;Die erschreckliche Flut von 1634 und der Untergang von Alt-Nordstrand;Dose, Johannes;1896;m
k00200000429;Der Muttersohn – Band I;Dose, Johannes;1904;m
k00200000430;Der Muttersohn – Band II;Dose, Johannes;1904;m
k00200000471;Marquise von Pompadour;Duncker, Dora;1912;f
k00200000477;Eine ägyptische Königstochter Bd. I;Ebers, Georg;1864;m
k00200000478;Per aspera;Ebers, Georg;1892;m
k00200000479;Ein Wort;Ebers, Georg;1883;m
k00200000480;Die Frau Bürgemeisterin;Ebers, Georg;1880;m
k00200000481;Die Gred;Ebers, Georg;1889;m
k00200000482;Homo sum;Ebers, Georg;1878;m
k00200000483;Der Kaiser;Ebers, Georg;1881;m
k00200000484;Die Geschichte meines Lebens;Ebers, Georg;1893;m
k00200000485;Die Nilbraut;Ebers, Georg;1887;m
k00200000486;Im Schmiedefeuer;Ebers, Georg;1894;m
k00200000487;Die Schwestern;Ebers, Georg;1880;m
k00200000488;Die Schwestern;Ebers, Georg;1880;m
k00200000489;Serapis;Ebers, Georg;1885;m
k00200000490;Uarda;Ebers, Georg;1877;m
k00200000491;Die arme Kleine;Ebner-Eschenbach, Marie von;1903;f
k00200000506;Nero;Eckstein, Ernst;1889;m
k00200000510;Der kleine Johannes;Eeden, Frederik van;1860;m
k00200000519;Streifzüge durch Celebes;Emmerich, Ferdinand;1920;m
k00200000527;Hann Klüth;Engel, Georg;1905;m
k00200000528;Die Last;Engel, Georg;1898;m
k00200000529;Claus Störtebecker;Engel, Georg;1920;m
k00200000532;Lieber Fritz;"Erckmann, Emile; Chatrian, Alessandre";1882;f
k00200000533;Geschichte eines Anno 1813 Konskribierten;"Erckmann; Chatrian";1789;m
k00200000538;Satiren, Fabeln, Epigramme, Aphorismen;Ernst, Otto;1904;m
k00200000542;Asmus Sempers Jugendland;Ernst, Otto;1905;m
k00200000543;Semper der Jüngling;Ernst, Otto;1908;m
k00200000544;Semper der Mann;Ernst, Otto;1916;m
k00200000552;Saat auf Hoffnung;Ernst, Paul;1916;m
k00200000556;Freiheit die ich meine;Ertl, Emil;1909;m
k00200000557;Die Leute vom Blauen Guguckshaus;Ertl, Emil;1906;m
k00200000559;Auf der Wegwacht;Ertl, Emil;1911;m
k00200000563;Die Erlkönigin;Eschstruth, Nataly von;1899;f
k00200000564;Frühlingsstürme;Eschstruth, Nataly von;1899;f
k00200000565;Gänseliesel;Eschstruth, Nataly von;1886;f
k00200000566;Jung gefreit - 1;Eschstruth, Nataly von;1897;f
k00200000567;Jung gefreit - 2;Eschstruth, Nataly von;1897;f
k00200000568;Hofluft;Eschstruth, Nataly von;1889;f
k00200000569;Hofluft;Eschstruth, Nataly von;1889;f
k00200000570;Die Bären von Hohen-Esp;Eschstruth, Nataly von;1899;f
k00200000571;Der Stern des Glücks;Eschstruth, Nataly von;1896;f
k00200000572;Der verlorene Sohn;Eschstruth, Nataly von;1913;f
k00200000577;Der Kampf um die Cheopspyramide;Eyth, Max;1902;m
k00200000586;Hinter Pflug und Schraubstock;Eyth, Max;1899;m
k00200000587;Der Schneider von Ulm;Eyth, Max;1906;m
k00200000595;Aus dem Durchschnitt;Falke, Gustav;1900;m
k00200000598;Der Mann im Nebel;Falke, Gustav;1899;m
k00200000599;Die Kinder aus Ohlsens Gang;Falke, Gustav;1908;m
k00200000624;Jungfer Therese;Federer, Heinrich;1913;m
k00200000628;Maren;Fehrs, Johann Hinrich;1907;m
k00200000643;Selim und Zoraïde;Fischer, Caroline Auguste;1802;f
k00200000655;Wolf Eschenlohr;Flex, Walter;1919;m
k00200000669;Die wunderbaren Begebenheiten des Grafen Alethes von Lindenstein;Fouqué, Friedrich Baron de la Motte;1817;m
k00200000670;Alwin;Fouqué, Friedrich Baron de la Motte;1808;m
k00200000673;Der Zauberring;Fouqué, Friedrich Baron de la Motte;1813;m
k00200000693;Das Kind der Sühne;Franzos, Karl Emil;1920;m
k00200000695;Der Stumme mit dem bösen Blick;Franzos, Karl Emil;1873;m
k00200000696;Judith Trachtenberg;Franzos, Karl Emil;1891;m
k00200000703;Ingo und Ingraban;Freytag, Gustav;1872;m
k00200000704;Marcus König;Freytag, Gustav;1876;m
k00200000715;Meister Robinson;"Fürst, Artur; Moszkowski, Alexander";1918;m
k00200000721;Der Dorfapostel;Ganghofer, Ludwig;1900;m
k00200000723;Edelweißkönig;Ganghofer, Ludwig;1886;m
k00200000725;Fliegender Sommer;Ganghofer, Ludwig;1892;m
k00200000728;Das Gotteslehen;Ganghofer, Ludwig;1899;m
k00200000730;Der hohe Schein;Ganghofer, Ludwig;1904;m
k00200000731;Der Jäger von Fall;Ganghofer, Ludwig;1883;m
k00200000733;Der laufende Berg;Ganghofer, Ludwig;1897;m
k00200000735;Ludwig Ganghofer;Ganghofer, Ludwig;1881;m
k00200000736;Die Martinsklause;Ganghofer, Ludwig;1894;m
k00200000741;Das Schweigen im Walde;Ganghofer, Ludwig;1899;m
k00200000742;Die Trutze von Trutzberg;Ganghofer, Ludwig;1915;m
k00200000743;Waldrausch;Ganghofer, Ludwig;1908;m
k00200000747;Venetianische Novellen;Gaudy, Franz Freiherr von;1838;m
k00200000760;Aus den Memoiren einer Berliner Range;Georgy, Ernst;1899;m
k00200000765;Unter dem Äquator;Gerstäcker, Friedrich;1861;m
k00200000766;Señor Aguila;Gerstäcker, Friedrich;1865;m
k00200000769;Nach Amerika! Erster Band;Gerstäcker, Friedrich;1889;m
k00200000770;Nach Amerika! Zweiter Band;Gerstäcker, Friedrich;1889;m
k00200000771;Die Blauen und Gelben;Gerstäcker, Friedrich;1870;m
k00200000773;General Franco;Gerstäcker, Friedrich;1865;m
k00200000775;Germelshausen;Gerstäcker, Friedrich;1860;m
k00200000776;Gold;Gerstäcker, Friedrich;1858;m
k00200000778;Im Busch;Gerstäcker, Friedrich;1864;m
k00200000781;Der Kunstreiter;Gerstäcker, Friedrich;1861;m
k00200000786;Unter den Pehuenchen;Gerstäcker, Friedrich;1867;m
k00200000789;Sträflinge;Gerstäcker, Friedrich;1850;m
k00200000793;Tahiti;Gerstäcker, Friedrich;1854;m
k00200000799;Jürnjakob Swehn der Amerikafahrer;Gillhoff, Johannes;1917;m
k00200000829;Lemkes sel. Wwe.;Graeser, Erdmann;1907;m
k00200000862;Meister Jakob und seine Kinder;Guttenbrunn;1918;m
k00200000865;Hohenschwangau;Gutzkow, Karl;1867;m
k00200000877;Die Heilige und ihr Narr;Günther, Agnes;1913;f
k00200000878;Die Heilige und ihr Narr;Günther, Agnes;1913;f
k00200000881;Der Augenblick des Glücks – Aus den Memoiren eines fürstlichen Hofes;Hackländer, Friedrich Wilhelm;1857;m
k00200000882;Der letzte Bombardier;Hackländer, Friedrich Wilhelm;1870;m
k00200000885;Das Geheimniß der Stadt;Hackländer, Friedrich Wilhelm;1868;m
k00200000886;Handel und Wandel;Hackländer, Friedrich Wilhelm;1850;m
k00200000889;Namenlose Geschichten - Erster Band;Hackländer, Friedrich Wilhelm;1851;m
k00200000890;Namenlose Geschichten - Zweiter Band;Hackländer, Friedrich Wilhelm;1851;m
k00200000893;Eugen Stillfried - Erster Band;Hackländer, Friedrich Wilhelm;1852;m
k00200000900;Peregrin;Hahn-Hahn, Ida von;1864;f
k00200000907;Aspasia;Hamerling, Robert;1876;m
k00200000920;Schlumski;Harder, Agnes;1916;f
k00200000922;Das Haus der Titanen;Hart, Hans;1913;m
k00200000930;Der Krieg um den Wald / 1;Hartmann, Moritz;1850;m
k00200000937;Der Mann im Mond;Hauff, Wilhelm;1826;m
k00200000949;Elfriede;Hausrath, Adolf;1886;m
k00200000950;Jetta;Hausrath, Adolf;1884;m
k00200000951;Im Reiche der Homunkuliden;Hawel, Rudolf;1910;m
k00200000952;Dr. Thorns Lebensabend;Hawel, Rudolf;1916;m
k00200000959;Felix Notvest;Heer, Jakob Christoph;1901;m
k00200000960;Der lange Balthasar;Heer, Jakob Christoph;1915;m
k00200000961;Der König der Bernina;Heer, Jakob Christoph;1900;m
k00200000963;An heiligen Wassern;Heer, Jakob Christoph;1898;m
k00200000964;Laubgewind;Heer, Jakob Christoph;1908;m
k00200000967;Die Molkenkur;Hegner, Ulrich;1812;m
k00200000968;Apotheker Heinrich;Heiberg, Hermann;1885;m
k00200000969;Grevinde;Heiberg, Hermann;1898;m
k00200000970;Todsünden;Heiberg, Hermann;1891;m
k00200000971;Menschen untereinander;Heiberg, Hermann;1880;m
k00200000972;Eine vornehme Frau;Heiberg, Hermann;1895;m
k00200000974;Karl der Zwölfte und seine Krieger;Heidenstam, Verner von;1898;m
k00200000982;Aus dem Leben meiner alten Freundin;Heimburg, Wilhelmine;1879;f
k00200000983;Trudchens Heirat;Heimburg, Wilhelmine;1894;f
k00200000985;Die verborgene Schrift;Heine, Anselma;1918;f
k00200000991;Die Versuchung;Heun, Karl Gottlieb Samuel;1920;m
k00200000994;Ille mihi – Erster Band;Heyking, Elisabeth von;1912;f
k00200000995;Ille mihi – Zweiter Band;Heyking, Elisabeth von;1912;f
k00200000996;Liebe, Diplomatie und Holzhäuser;Heyking, Elisabeth von;1919;f
k00200001009;Gegen den Strom;Heyse, Paul;1907;m
k00200001017;Marienkind;Heyse, Paul;1892;m
k00200001022;Crone Stäudlin;Heyse, Paul;1904;m
k00200001029;Die Hassenburg;Hille, Peter;1905;m
k00200001032;Die Geier-Wally;Hillern, Wilhemine von;1880;m
k00200001047;Schwarzwaldau;Holtei, Karl von;1856;m
k00200001051;Vor Jahr und Tag;Holzamer, Wilhelm;1908;m
k00200001053;Ein Kind unserer Zeit;Horváth, Edmund Josef von;1830;m
k00200001065;Enzio::Enzio;Huch, Friedrich;1911;m
k00200001066;Mao;Huch, Friedrich;1907;m
k00200001067;Pitt und Fox::Pitt und Fox;Huch, Friedrich;1909;m
k00200001080;Der Oberhof;Immermann, Karl;1839;m
k00200001095;Frau Marie Grubbe;Jacobsen, Jens Peter;1880;m
k00200001096;Sechs Novellen;Jacobsen, Jens Peter;1880;m
k00200001099;Die Pfeifer vom Dusenbach;Jensen, Wilhelm;1884;m
k00200001100;Vor der Elbmündung;Jensen, Wilhelm;1905;m
k00200001108;Nach Sonnenuntergang – Erstes Buch;Jensen, Wilhelm;1879;m
k00200001109;Nach Sonnenuntergang – Zweites Buch;Jensen, Wilhelm;1879;m
k00200001111;Aus See und Sand – Erster Band;Jensen, Wilhelm;1897;m
k00200001112;Aus See und Sand – Zweiter Band;Jensen, Wilhelm;1897;m
k00200001113;Der Tag von Stralsund;Jensen, Wilhelm;1890;m
k00200001114;Auf dem Vestenstein;Jensen, Wilhelm;1912;m
k00200001117;Kristiania Bohême;Jäger, Hans;1899;m
k00200001118;Schwarze Diamanten;Jókai, Maurus;1877;m
k00200001121;O Domina mea;Karrillon, Adam;1909;m
k00200001126;Hubertus;Keller, Paul;1916;m
k00200001127;Das letzte Märchen;Keller, Paul;1915;m
k00200001129;Der Sohn der Hagar;Keller, Paul;1910;m
k00200001131;Waldwinter;Keller, Paul;1902;m
k00200001133;Bunte Herzen - Zwei Novellen::Bunte Herzen;Keyserling, Eduard von;1909;m
k00200001136;Fräulein Rosa Herz;Keyserling, Eduard von;1887;m
k00200001138;Die dritte Stiege;Keyserling, Eduard von;1892;m
k00200001140;Schnee;Kielland, Alexander Lange;1889;m
k00200001153;Naulahka, das Staatsglück;Balestier, Rudyard Kipling und Wolcott;1900;m
k00200001161;Der Kavalier auf den Knien und andere Liebesgeschichten...;Klabund;1891;m
k00200001163;Mohammed;Klabund;1917;m
k00200001164;Moreau;Klabund;1915;m
k00200001169;Das Rätsel von Grünweide;Klemm, Johanna;1900;f
k00200001170;Der Faust der Morgenländer;Klinger, Friedrich Maximilian;1795;m
k00200001171;Geschichte Giafars des Barmeciden - Band 1;Klinger, Friedrich Maximilian;1791;m
k00200001172;Geschichte Giafars des Barmeciden - Band 2;Klinger, Friedrich Maximilian;1791;m
k00200001173;Reisen vor der Sündfluth;Klinger, Friedrich Maximilian;1795;m
k00200001178;Der Traum des Herrn Brick;Adolph, Friedrich Ludwig;1856;m
k00200001179;Geschichte Peter Clausens;Knigge, Adolph Freiherr;1783;m
k00200001180;Die Verirrungen des Philosophen oder Geschichte Ludwigs von Seelberg;Knigge, Adolph Freiherr;1787;m
k00200001185;Friedel Polten und ihre Rangen;Koch, Henny;1890;f
k00200001198;Der jüdische Gil Blas;Kohn, Joseph Seligmann;1834;m
k00200001199;Am Pflug;Kompert, Leopold;1855;m
k00200001219;Die Vestalinnen, Band 1;Kraft, Robert;1904;m
k00200001220;Die Vestalinnen, Band 2;Kraft, Robert;1904;m
k00200001221;Die Vestalinnen, Band 3;Kraft, Robert;1904;m
k00200001240;Schillers Heimatjahre;Kurz, Hermann;1843;m
k00200001249;Tropenarzt im Afrikanischen Busch;Külz, Ludwig;1906;m
k00200001254;Quinctius Heymeran von Flaming;Lafontaine, August;1795;m
k00200001266;Haß;Landsberger, Artur;1915;m
k00200001271;Wolfs Geschichten um ein Bürgerhaus -- Erstes Buch: Im Schatten Napoleons;Langewiesche, Wilhelm;1919;m
k00200001272;Wolfs Geschichten um ein Bürgerhaus – Zweites Buch: Vor Bismarcks Aufgang;Langewiesche, Wilhelm;1919;m
k00200001278;Frau Aleit;Lauff, Joseph von;1905;m
k00200001280;Anne-Susanne;Lauff, Joseph von;1915;m
k00200001281;Die Brinkschulte;Lauff, Joseph von;1913;m
k00200001283;Kärrekiek;Lauff, Joseph von;1902;m
k00200001284;Marie Verwahnen;Lauff, Joseph von;1903;m
k00200001286;Pittje Pittjewitt;Lauff, Joseph von;1903;m
k00200001287;Sankt Anne;Lauff, Joseph von;1908;m
k00200001288;Schnee;Lauff, Joseph von;1919;m
k00200001293;Die Tanzmamsell;Lauff, Joseph von;1907;m
k00200001298;Aspira;Laßwitz, Kurd;1904;m
k00200001299;Auf zwei Planeten;Laßwitz, Kurd;1897;m
k00200001304;Sternentau;Laßwitz, Kurd;1909;m
k00200001321;Der Pfeiferkönig;Lienert, Meinrad;1909;m
k00200001325;Oberlin;Lienhard, Friedrich;1910;m
k00200001330;Der Gast;Lindau, Rudolf;1883;m
k00200001332;Liebesheiraten;Lindau, Rudolf;1894;m
k00200001342;Daphnis und Chloe;Longus;1838;m
k00200001351;Das zweite Gesicht;Löns, Hermann;1912;m
k00200001355;Der letzte Hansbur;Löns, Hermann;1909;m
k00200001356;Dahinten in der Heide;Löns, Hermann;1909;m
k00200001358;Kraut und Lot;Löns, Hermann;1911;m
k00200001361;Der zweckmäßige Meyer;Löns, Hermann;1911;m
k00200001370;Fritz Beutel;Marggraff, Hermann;1856;m
k00200001373;Die zweite Frau;Marlitt, Eugenie;1874;f
k00200001374;Das Eulenhaus;Marlitt, Eugenie;1888;f
k00200001375;Reichsgräfin Gisela;Marlitt, Eugenie;1869;f
k00200001376;Im Schillingshof;Marlitt, Eugenie;1870;f
k00200001397;Der neue Ahasver;Mauthner, Fritz;1882;m
k00200001399;Hypatia;Mauthner, Fritz;1891;m
k00200001401;Der letzte Tod des Gautama Buddha;Mauthner, Fritz;1912;m
k00200001404;Der Mir von Dschinnistan;May, Karl;1916;m
k00200001407;Der Scout;May, Karl;1889;m
k00200001410;Im Todesthale;May, Karl;1867;m
k00200001411;Scepter und Hammer;May, Karl;1879;m
k00200001412;Lopez Jordan::Lopez Jordan;May, Karl;1889;m
k00200001413;Der Schatz der Inkas::Lopez Jordan;May, Karl;1890;m
k00200001414;Der Schatz im Silbersee::Der Schatz im Silbersee;May, Karl;1891;m
k00200001415;Die Liebe des Ulanen 1;May, Karl;1885;m
k00200001416;Die Liebe des Ulanen;May, Karl;1885;m
k00200001417;Die Liebe des Ulanen;May, Karl;1885;m
k00200001418;Die Liebe des Ulanen;May, Karl;1885;m
k00200001419;Die Liebe des Ulanen;May, Karl;1885;m
k00200001421;Zwei Kaiserkronen;Meding, Oskar;1875;m
k00200001422;Die Römerfahrt der Epigonen;Meding, Oskar;1874;m
k00200001423;Europäische Minen und Gegenminen;Meding, Oskar;1873;m
k00200001424;Der Todesgruß der Legionen;Meding, Oskar;1874;m
k00200001425;Palle;Meding, Oskar;1895;m
k00200001426;Die Saxoborussen;Meding, Oskar;1885;m
k00200001427;Das Blinkfeuer von Brüsterort;Megede, Johannes Richard zur;1901;m
k00200001428;Félicie;Megede, Johannes Richard zur;1900;m
k00200001429;Modeste;Megede, Johannes Richard zur;1905;m
k00200001430;Der Ueberkater;Megede, Johannes Richard zur;1905;m
k00200001431;Der Ueberkater;Megede, Johannes Richard zur;1905;m
k00200001433;Die Bernsteinhexe Maria Schweidler::Die Bernsteinhexe Maria Schweidler;Meinhold, Wilhelm;1841;m
k00200001445;Richard Feverel;Meredith, George;1859;m
k00200001447;Heidenstamm;Meyer-Förster, Wilhelm;1901;m
k00200001453;Das grüne Gesicht;Meyrink, Gustav;1916;m
k00200001458;Walpurgisnacht;Meyrink, Gustav;1917;m
k00200001495;Die Familie Melville;Möllhausen, Balduin;1889;m
k00200001496;Das Mormonenmädchen. Band I;Möllhausen, Balduin;1864;m
k00200001497;Das Mormonenmädchen. Band II;Möllhausen, Balduin;1864;m
k00200001500;Der Piratenlieutenant - Teil 1;Möllhausen, Balduin;1869;m
k00200001501;Der Piratenlieutenant – Teil 2;Möllhausen, Balduin;1869;m
k00200001502;Der Schatz von Quivira;Möllhausen, Balduin;1879;m
k00200001503;Der Vaquero;Möllhausen, Balduin;1905;m
k00200001505;Afraja König von Lappland;Mügge, Theodor;1854;m
k00200001506;Afraja;Mügge, Theodor;1854;m
k00200001508;Erich Randal;Mügge, Theodor;1856;m
k00200001511;Frau Doktor Breuer;Mühlau, Helene von;1920;f
k00200001516;Der große Schwabenzug;Müller-Guttenbrunn, Adam;1913;m
k00200001518;Der Herr der Welt;Mützelburg, Adolf;1856;m
k00200001522;Elisabeth. I. Band;Nathusius, Marie;1858;f
k00200001523;Elisabeth – Zweiter Band;Nathusius, Marie;1858;f
k00200001543;Das Tagebuch der Ottony von Kelchberg;Niese, Charlotte;1913;f
k00200001545;Kajus Rungholt;Niese, Charlotte;1886;f
k00200001573;Aus großen Höhen;Ompteda, Georg Freiherr von;1903;m
k00200001574;Denise de Montmidi;Ompteda, Georg Freiherr von;1904;m
k00200001575;Margret und Ossana;Ompteda, Georg Freiherr von;1911;m
k00200001576;Maria da Caza;Ompteda, Georg Freiherr von;1897;m
k00200001581;Der Rebell;Oppeln-Bronikowski, Friedrich von;1905;m
k00200001585;Thomas Thyrnau – Erster Theil;Paalzow, Henriette;1788;f
k00200001586;Thomas Thyrnau – Zweiter Theil;Paalzow, Henriette;1788;f
k00200001587;Thomas Thyrnau – Dritter Theil;Paalzow, Henriette;1788;f
k00200001590;Bob der Fallensteller;Pajeken, Friedrich Joachim;1890;m
k00200001591;Andrew Brown – Der rote Spion;Pajeken, Friedrich Joachim;1894;m
k00200001610;Das verlorene Paradies;Perfall, Anton von;1896;m
k00200001616;Liebe ist ewig;Polenz, Wilhelm von;1901;m
k00200001618;Der Pfarrer von Breitendorf Erster Band;Polenz, Wilhelm von;1895;m
k00200001619;Der Pfarrer von Breitendorf Zweiter Band;Polenz, Wilhelm von;1895;m
k00200001620;Wurzellocker - Erster Band;Polenz, Wilhelm von;1902;m
k00200001621;Wurzellocker Zweiter Band;Polenz, Wilhelm von;1902;m
k00200001622;Siebenquellen;Ponten, Josef;1908;m
k00200001623;Der babylonische Turm;Ponten, Josef;1918;m
k00200001626;Der Rubin der Herzogin;Presber, Rudolf;1915;m
k00200001628;Yoshiwara - Vom Freudenhaus des Lebens;Preuschen, Hermione von;1920;f
k00200001649;1812 – Ein historischer Roman;Rellstab, Ludwig;1812;m
k00200001656;Die Abenteurer;Retcliffe, Sir John;1880;m
k00200001657;Garibaldi;Retcliffe, Sir John;1860;m
k00200001661;Magenta und Solferino - Band 1;Retcliffe, Sir John;1864;m
k00200001662;Magenta und Solferino - Band 2;Retcliffe, Sir John;1865;m
k00200001663;Magenta und Solferino - Band 3;Retcliffe, Sir John;1865;m
k00200001665;Nena Sahib;Retcliffe, Sir John;1884;m
k00200001666;Sebastopol - Erster Band;Retcliffe, Sir John;1856;m
k00200001667;Sewastopol - Zweiter Band;Retcliffe, Sir John;1860;m
k00200001669;Abenteuer in Sibirien;Retcliffe, Sir John;1870;m
k00200001670;Solferino;Retcliffe, Sir John;1864;m
k00200001671;Die Abenteurer der Sonora;Retcliffe, Sir John;1919;m
k00200001681;Dörchläuchting;Reuter, Fritz;1866;m
k00200001684;Ut de Franzosentid;Reuter, Fritz;1859;m
k00200001701;Der Trotzkopf;Rhoden, Emmy von;1883;f
k00200001710;Ein ganzer Mann;Riehl, Wilhelm Heinrich;1897;m
k00200001735;Rosalie und Cleberg auf dem Lande / 1;Roche, Sophie von La;1791;f
k00200001737;Das tote Brügge;Rodenbach, Georges;1902;m
k00200001747;Heideschulmeister Uwe Karsten;Rose, Felicitas;1909;f
k00200001748;Kerlchens Lern- und Wanderjahre;Rose, Felicitas;1902;f
k00200001749;Kerlchen als Anstandsdame;Rose, Felicitas;1903;f
k00200001750;Provinzmädel;Rose, Felicitas;1902;f
k00200001751;Kerlchen als Sorgen- und Sektbrecher;Rose, Felicitas;1903;f
k00200001755;Heidepeters Gabriel;Rosegger, Peter;1882;m
k00200001758;Jakob der Letzte;Rosegger, Peter;1889;m
k00200001760;Peter Mayr der Wirt an der Mahr;Rosegger, Peter;1893;m
k00200001793;Das Erwachen;Ruederer, Josef;1916;m
k00200001818;Ein verbummelter Student;Sack, Gustav;1917;m
k00200001827;Kontraste und Paradoxen;Sallet, Friedrich von;1845;m
k00200001845;Die Familie Pfäffling;Sapper, Agnes;1907;f
k00200001848;Fritz Reinhardt;Schaumberger, Heinrich;1874;m
k00200001849;Der Tod der Barmekiden;Scheerbart, Paul;1897;m
k00200001852;Das graue Tuch und zehn Prozent Weiß;Scheerbart, Paul;1914;m
k00200001855;Der Kaiser von Utopia;Scheerbart, Paul;1904;m
k00200001858;Die große Revolution. Ein Mondroman;Scheerbart, Paul;1902;m
k00200001859;Münchhausen und Clarissa;Scheerbart, Paul;1906;m
k00200001860;Na prost!;Scheerbart, Paul;1898;m
k00200001861;Rakkóx der Billionär;Scheerbart, Paul;1901;m
k00200001864;Michel;Scherr, Johannes;1858;m
k00200001866;Die Pilger der Wildnis;Scherr, Johannes;1853;m
k00200001872;Benkal, der Frauentröster;Schickele, René;1913;m
k00200001880;Meine Freundin Lo;Schickele, René;1911;m
k00200001884;Irrwege der Liebe;Schirokauer, Alfred;1919;m
k00200001886;Lassalle;Schirokauer, Alfred;1912;m
k00200001888;Das Lied der Parzen;Schirokauer, Alfred;1912;m
k00200001907;Bürgerliche Bohème;Schmitz, Oscar A. H.;1918;m
k00200001933;Künstlerblut;Schobert, Hedwig;1892;m
k00200001938;Der deutsche Herzog;Schreckenbach, Paul;1914;m
k00200001939;Der getreue Kleist;Schreckenbach, Paul;1909;m
k00200001941;Der böse Baron von Krosigk;Schreckenbach, Paul;1907;m
k00200001942;Michael Meyenburg;Schreckenbach, Paul;1919;m
k00200001943;Die letzten Rudelsburger;Schreckenbach, Paul;1913;m
k00200001944;Um die Wartburg;Schreckenbach, Paul;1912;m
k00200001945;Wildefüer;Schreckenbach, Paul;1919;m
k00200001949;Gräfin Erikas Lehr- und Wanderjahre;Schubin, Ossip;1892;m
k00200001950;Im gewohnten Geleis;Schubin, Ossip;1901;m
k00200001951;Marška;Schubin, Ossip;1902;m
k00200001952;Maximum;Schubin, Ossip;1896;m
k00200001955;Der Rosenkavalier;Schubin, Ossip;1900;m
k00200001965;Rodanseck;Schwerin, Josephine Gräfin;1883;f
k00200001969;Eine dunkle Tat;Schücking, Levin;1896;m
k00200001972;Luther in Rom;Schücking, Levin;1870;m
k00200001974;Die Marketenderin von Köln;Schücking, Levin;1860;m
k00200002009;Das blutige Blockhaus;Sealsfield, Charles;1834;m
k00200002010;Das Kajütenbuch oder Nationale Charakteristiken;Sealsfield, Charles;1843;m
k00200002011;Der Legitime und die Republikaner;Sealsfield, Charles;1833;m
k00200002013;Nathan der Squatter;Sealsfield, Charles;1835;m
k00200002015;Tokeah;Sealsfield, Charles;1828;m
k00200002016;Der Virey und die Aristokraten;Sealsfield, Charles;1835;m
k00200002019;Reinhard Flemmings Abenteuer zu Wasser und zu Lande;Seidel, Heinrich;1888;m
k00200002062;Fischke der Krumme;Sfurim, Mendele Moicher;1869;m
k00200002072;Der Wagehals;Skowronnek, Fritz;1866;m
k00200002073;Schweigen im Walde;Skowronnek, Richard;1909;m
k00200002074;Sturmzeichen;Skowronnek, Richard;1914;m
k00200002078;Seemanns-Sagen und Schiffer-Märchen;Smidt, Heinrich;1835;m
k00200002085;Die Höhlenkinder – Im Heimlichen Grund;Sonnleitner, A. Th.;1918;m
k00200002086;Die Höhlenkinder – Im Pfahlbau;Sonnleitner, A. Th.;1918;m
k00200002087;Die Höhlenkinder – Im Steinhaus;Sonnleitner, A. Th.;1920;m
k00200002089;Heidehof Lohe;Speckmann, Diedrich;1906;m
k00200002091;Frei geboren;Spielhagen, Friedrich;1900;m
k00200002092;Noblesse oblige;Spielhagen, Friedrich;1888;m
k00200002093;Opfer;Spielhagen, Friedrich;1899;m
k00200002094;Platt Land;Spielhagen, Friedrich;1878;m
k00200002095;Quisisana;Spielhagen, Friedrich;1880;m
k00200002096;Sturmflut;Spielhagen, Friedrich;1877;m
k00200002097;Susi;Spielhagen, Friedrich;1889;m
k00200002098;Uhlenhans;Spielhagen, Friedrich;1884;m
k00200002100;Der Vogelhändler von Imst;Spindler, Carl;1841;m
k00200002101;Der Jesuit;Spindler, Carl;1829;m
k00200002120;Im Rhonetal;Spyri, Johanna;1896;f
k00200002123;Was soll denn aus ihr werden?;Spyri, Johanna;1887;f
k00200002125;Schloss Wildenstein;Spyri, Johanna;1892;f
k00200002131;Drei Nächte;Stehr, Hermann;1909;m
k00200002132;Der begrabene Gott;Stehr, Hermann;1905;m
k00200002134;Der Heiligenhof;Stehr, Hermann;1918;m
k00200002140;Irmela;Steinhausen, Heinrich;1881;m
k00200002176;Wilhelmine Buchholz' Memoiren;Stinde, Julius;1895;m
k00200002177;Emma das geheimnißvolle Hausmädchen;Stinde, Julius;1904;m
k00200002178;Die Familie Buchholz. Aus dem Leben der Hauptstadt;Stinde, Julius;1884;m
k00200002179;Buchholzens in Italien;Stinde, Julius;1883;m
k00200002180;Frau Buchholz im Orient;Stinde, Julius;1888;m
k00200002187;Morgenrot;Stoessl, Otto;1912;m
k00200002190;Sonjas letzter Name;Stoessl, Otto;1908;m
k00200002197;Schloß Vogelöd;Stratz, Rudolph;1900;m
k00200002198;Der weiße Tod;Stratz, Rudolph;1897;m
k00200002200;Arme Thea!;Stratz, Rudolph;1896;m
k00200002201;Die armen Reichen;Stratz, Rudolph;1909;m
k00200002203;Die kleine Elten;Stratz, Rudolph;1895;m
k00200002204;Seine englische Frau;Stratz, Rudolph;1913;m
k00200002205;Die ewige Burg;Stratz, Rudolph;1900;m
k00200002206;Das freie Meer;Stratz, Rudolph;1908;m
k00200002208;Für Dich;Stratz, Rudolph;1908;m
k00200002209;Herzblut;Stratz, Rudolph;1908;m
k00200002210;Hexenkessel;Stratz, Rudolph;1894;m
k00200002211;Die törichte Jungfrau;Stratz, Rudolph;1900;m
k00200002215;Montblanc;Stratz, Rudolph;1899;m
k00200002217;Das Schiff ohne Steuer;Stratz, Rudolph;1789;m
k00200002218;Unter den Linden;Stratz, Rudolph;1893;m
k00200002219;Lieb Vaterland;Stratz, Rudolph;1911;m
k00200002227;Saat und Ernte;Armand_(Friedrich Strubberg);1866;m
k00200002231;Die weißen Götter – Zweiter Band;Stucken, Eduard;1917;m
k00200002234;Das Gelübde einer dreißigjährigen Frau;Sturza, Marie Tihanyi Gräfin;1905;f
k00200002238;Der Katzensteg;Sudermann, Hermann;1890;m
k00200002241;Die Geheimnisse von Paris;Sue, Eugen;1844;m
k00200002243;Eva Siebeck;Suttner, Bertha von;1892;f
k00200002247;Jä gäll, so geit's!;Tavel, Rudolf von;1901;m
k00200002252;Altaich;Thoma, Ludwig;1918;m
k00200002253;Jozef Filsers Briefwexel;Thoma, Ludwig;1912;m
k00200002263;Satiren;Thoma, Ludwig;1912;m
k00200002278;Der Letzte vom »Admiral«;Treller, Franz;1899;m
k00200002279;Der Gefangene der Aimaràs;Treller, Franz;1906;m
k00200002280;Der Enkel der Könige;Treller, Franz;1904;m
k00200002282;Der Sohn des Gaucho;Treller, Franz;1890;m
k00200002283;Verwehte Spuren;Treller, Franz;1890;m
k00200002295;Rosa und Gertrud;Töpffer, Rudolf;1839;m
k00200002306;Die Rebächle;Villinger, Hermine;1910;f
k00200002310;Zwei Menschen;Voß, Richard;1911;m
k00200002311;Alpentragödie;Voß, Richard;1909;m
k00200002312;Die Auferstandenen – Erster Band;Voß, Richard;1887;m
k00200002313;Die Auferstandenen – Zweiter Band;Voß, Richard;1887;m
k00200002314;Brutus, auch Du!;Voß, Richard;1916;m
k00200002315;Michael Cibula;Voß, Richard;1887;m
k00200002316;Villa Falconieri;Voß, Richard;1896;m
k00200002318;Das Haus der Grimaldi;Voß, Richard;1917;m
k00200002321;Römisches Fieber;Voß, Richard;1902;m
k00200002322;Rolla;Voß, Richard;1883;m
k00200002327;Im Schatten des Todes;Walloth, Wilhelm;1909;m
k00200002328;Das Schatzhaus des Königs;Walloth, Wilhelm;1883;m
k00200002330;Alexander in Babylon;Wassermann, Jakob;1905;m
k00200002334;Sabbatai Zewi – Donna Johanna von Castilien – Geronimo de Aguilar – Sturreganz – Der Aufruhr um den Junker Ernst;Wassermann, Jakob;1913;m
k00200002343;Melusine;Wassermann, Jakob;1896;m
k00200002344;Der Moloch;Wassermann, Jakob;1903;m
k00200002347;Die Schwestern;Wassermann, Jakob;1906;m
k00200002358;Franziska;Weiß, Ernst;1916;m
k00200002359;Die Galeere;Weiß, Ernst;1913;m
k00200002361;Ich – der Augenzeuge;Weiß, Ernst;1897;m
k00200002363;Mensch gegen Mensch;Weiß, Ernst;1919;m
k00200002365;Tiere in Ketten;Weiß, Ernst;1918;m
k00200002369;Adlerflug;Werner, Elisabeth;1886;f
k00200002370;Fata Morgana;Werner, Elisabeth;1895;f
k00200002371;Glück auf!;Werner, Elisabeth;1890;f
k00200002373;Vineta;Werner, Elisabeth;1877;f
k00200002374;Lebensgeschichte Tobias Knauts;Wezel, Johann Karl;1776;m
k00200002377;Der Bürgermeister von Thorn;Wichert, Ernst;1900;m
k00200002384;Heinrich von Plauen;Wichert, Ernst;1881;m
k00200002388;Der Wilddieb;Wiechert, Ernst;1830;m
k00200002389;Die leibhaftige Bosheit;Mann, Mathilde;1912;f
k00200002390;Die Karlsbader Reise der leibhaftigen Bosheit;Wied, Gustav;1903;m
k00200002391;Der leibhaftigen Bosheit Opus III;Wied, Gustav;1913;m
k00200002392;Die Väter haben Herlinge gegessen;Wied, Gustav;1909;m
k00200002393;Aus jungen Tagen;Wied, Gustav;1907;m
k00200002394;Agathodämon;Wieland, Christoph Martin;1799;m
k00200002395;Geschichte des Weisen Danischmend und der drei Kalender;Wieland, Christoph Martin;1775;m
k00200002401;Schwester-Seele;Wildenbruch, Ernst von;1894;m
k00200002405;Die alte Freundin;Wildermuth, Ottilie;1885;f
k00200002425;Die Familie Ammer – Erste Abtheilung. Der Herrnhuter.;Willkomm, Ernst;1855;m
k00200002426;Die Familie Ammer – Zweite Abtheilung. Moderne Götzendiener.;Willkomm, Ernst;1855;m
k00200002427;Die Familie Ammer – Dritte Abtheilung. Geprüfte Seelen.;Willkomm, Ernst;1855;m
k00200002429;Reeder und Matrose;Willkomm, Ernst;1857;m
k00200002432;Die vier Töchter des Rittmeister Schimmelmann;Winterfeld, Adolf von;1920;m
k00200002433;Fabiola oder Die Kirche der Katakomben;Wiseman, Kardinal;1854;m
k00200002434;Die Göttin die da harret;Wit, Augusta de;1908;f
k00200002438;Das kleine Glück;Wohlbrück, Olga;1910;f
k00200002439;Du sollst ein Mann sein;Wohlbrück, Olga;1900;f
k00200002444;Der Raubgraf;Wolff, Julius;1884;m
k00200002445;Das schwarze Weib;Wolff, Julius;1894;m
k00200002446;Der Sülfmeister;Wolff, Julius;1883;m
k00200002447;Das Wildfangrecht;Wolff, Julius;1907;m
k00200002448;Das dritte Geschlecht;Wolzogen, Ernst von;1899;m
k00200002449;Die Erbschleicherinnen, Band 1;Wolzogen, Ernst von;1895;m
k00200002450;Die Erbschleicherinnen - Zweiter Band;Wolzogen, Ernst von;1895;m
k00200002453;Die Kinder der Excellenz;Wolzogen, Ernst von;1888;m
k00200002454;Der Kraft-Mayr;Wolzogen, Ernst v.;1897;m
k00200002458;Der Thronfolger - Erster Band;Wolzogen, Ernst von;1892;m
k00200002459;Der Thronfolger – Zweiter Band;Wolzogen, Ernst von;1892;m
k00200002461;Der schweizerische Robinson;Wyss, Johann David;1812;m
k00200002463;Das Naturforscherschiff;Wörishöffer, Sophie;1880;f
k00200002464;Onnen Visser - Der Schmugglersohn von Norderney;Wörishöffer, Sophie;1885;f
k00200002467;Das Liebesleben eines deutschen Jünglings;Zapp, Arthur;1920;m
k00200002468;Zwischen Mann und Frau;Zapp, Arthur;1914;m
k00200002470;Drei Mädchen am Spinnrad;Zobeltitz, Fedor von;1912;m
k00200002471;Besser Herr als Knecht;Zobeltitz, Fedor von;1900;m
k00200002496;Die Million;Zolling, Theophil;1893;m
k00200002503;Die Rose von Disentis;Zschokke, Heinrich;1822;m
k00200002508;Der Flüchtling im Jura;Zschokke, Heinrich;1822;m
k00200002511;Das Abenteuer der Neujahrsnacht;Zschokke, Heinrich;1818;m
k00200002519;Der Maskenball in der Ca' Torcelli;Adlersfeld-Ballestrem, Eufemia von;1910;f
k00200002520;Die Geächteten;Alexis, Willibald;1825;m
k00200002523;Der schwarze Koffer;Autor, Unbekannter;1846;m
k00200002532;Familie Dungs;Aram, Kurt;1913;m
k00200002545;Der Tod Georgs;Beer-Hofmann, Richard;1900;m
k00200002547;Frau Hempels Tochter;Berend, Alice;1912;f
k00200002552;Der Wilde Freiger;Betsch, Roland;1919;m
k00200002558;Geheimnisvolle Kräfte;Blüthgen, Viktor von;1920;m
k00200002559;In frischem Wasser;Böhlau, Helene;1891;f
k00200002560;Der gewürzige Hund;Böhlau, Helene;1916;f
k00200002562;Halbtier!;Böhlau, Helene;1899;f
k00200002563;Das Haus zur Flamm';Böhlau, Helene;1907;f
k00200002567;Das Recht der Mutter;Böhlau, Helene;1896;f
k00200002593;Die Nann;Croissant-Rust, Anna;1906;f
k00200002597;Winkelquartett;Croissant-Rust, Anna;1908;f
k00200002598;Vom Mars zur Erde;Daiber, Albert;1910;m
k00200002645;Flitter und Schein;Dransfeld, Hedwig;1913;f
k00200002646;Don Adone;Waldmüller, Robert_(Charles Edouard Duboc);1883;m
k00200002647;Kleopatra;Ebers, Georg;1894;m
k00200002652;Bebuquin;Einstein, Carl;1912;m
k00200002657;Frieden I;Eschstruth, Nataly von;1899;f
k00200002658;Frieden II;Eschstruth, Nataly von;1905;f
k00200002659;Hazard. Erster Band;Eschstruth, Nataly von;1870;f
k00200002660;Hazard. Zweiter Band;Eschstruth, Nataly von;1887;f
k00200002661;Alraune;Ewers, Hanns Heinz;1899;m
k00200002671;Der Zauberlehrling oder die Teufelsjäger;Ewers, Hanns Heinz;1909;m
k00200002674;Berge und Menschen;Federer, Heinrich;1911;m
k00200002689;Ein Kampf ums Recht;Franzos, Karl Emil;1893;m
k00200002693;Die drei Getreuen;Frenssen, Gustav;1898;m
k00200002694;Peter Moors Fahrt nach Südwest;Frenssen, Gustav;1911;m
k00200002695;Jörn Uhl;Frenssen, Gustav;1901;m
k00200002703;Die Berliner Range. Lotte Bach's Hochzeitsreise. Band X.;Georgy, Ernst;1898;m
k00200002704;Die Berliner Range. Frau Lotte in Rußland. Band XI.;Georgy, Ernst;1899;m
k00200002705;Die Berliner Range. Lotte als Mutter! Band XII.;Georgy, Ernst;1900;m
k00200002706;Die Berliner Range - Neue Bekenntnisse. Band I.;Georgy, Ernst;1900;m
k00200002707;Die Berliner Range - Neue Bekenntnisse. Band II.;Georgy, Ernst;1900;m
k00200002708;Die Berliner Range - Neue Bekenntnisse. Band III.;Georgy, Ernst;1900;m
k00200002709;Die Berliner Range - Neue Bekenntnisse. Band IV.;Georgy, Ernst;1900;m
k00200002710;Die Berliner Range – Lotte Bach als Braut. Band V.;Georgy, Ernst;1900;m
k00200002711;Die Berliner Range - Berlin, wie es ißt und trinkt. Band VI.;Georgy, Ernst;1901;m
k00200002712;Die Berliner Range VII - Prosit Brautpaar!;Georgy, Ernst;1900;m
k00200002713;Die Berliner Range VIII - Berlin wie es lebt und liebt;Georgy, Ernst;1901;m
k00200002714;Die Berliner Range. Hochzeitsvorbereitungen. Band IX.;Georgy, Ernst;1900;m
k00200002726;Heimisbach;Gfeller, Simon;1911;m
k00200002729;Masaniello;Glaser, Adolf;1888;m
k00200002730;Savonarola;Glaser, Adolf;1883;m
k00200002731;Schlitzwang;Glaser, Adolf;1878;m
k00200002732;Wulfhilde;Glaser, Adolf;1880;m
k00200002737;Zeitgeist und Berner Geist;Gotthelf, Jeremias;1852;m
k00200002738;Im Banne des Schwarzen Adlers;Gottschall, Rudolf von;1876;m
k00200002739;Parasiten;Gottschall, Rudolf von;1906;m
k00200002741;Firnenrausch;Grabein, Paul;1906;m
k00200002742;In Jena ein Student;Grabein, Paul;1890;m
k00200002744;Der König von Thule;Grabein, Paul;1907;m
k00200002747;Die vom Rauhen Grund;Grabein, Paul;1914;m
k00200002750;Ursula Drenck;Grabein, Paul;1919;m
k00200002751;Du mein Jena!;Grabein, Paul;1900;m
k00200002752;In der Philister Land;Grabein, Paul;1903;m
k00200002753;Im Wechsel der Zeit;Grabein, Paul;1900;m
k00200002754;Unsere liebe Frau. Erster Band;Grad, Max;1904;m
k00200002755;Unsere liebe Frau. Zweiter Band;Grad, Max;1906;m
k00200002759;Heilige und Menschen;Grazie, Marie Eugenie Delle;1909;f
k00200002769;Töte sie!;Groller, Balduin;1892;m
k00200002771;Der Genius;Grosse, Karl;1791;m
k00200002772;Ravensbeck;Grosse, Julius;1909;m
k00200002774;Die Partei;Großmann, Stefan;1919;m
k00200002776;Seraphine;Gutzkow, Karl;1837;m
k00200002778;Abraham Abt;Hadwiger, Victor;1912;m
k00200002779;Il Pantegan;Hadwiger, Victor;1919;m
k00200002785;Jo;Halbe, Max;1917;m
k00200002787;Die Tat des Dietrich Stobäus;Halbe, Max;1911;m
k00200002791;Drei Teilhaber;Harte, Bret;1901;m
k00200002794;Das Geheimnis der Sierra;Harte, Bret;1905;m
k00200002801;Die goldene Schlange;Heiberg, Hermann;1883;m
k00200002802;Trotzige Herzen;Heimburg, Wilhelmine;1898;f
k00200002805;Doktor Herzfeld. Erster Teil. Die Nacht;Hermann, Georg;1912;m
k00200002806;Doktor Herzfeld.Zweiter Teil. Schnee;Hermann, Georg;1913;m
k00200002808;Henriette Jacoby;Hermann, Georg;1908;m
k00200002809;Jettchen Gebert;Hermann, Georg;1906;m
k00200002811;Kubinke;Hermann, Georg;1910;m
k00200002816;Heinrich Schön jun.;Hermann, Georg;1915;m
k00200002817;Einen Sommer lang;Hermann, Georg;1917;m
k00200002820;Das große Heimweh;Herzog, Rudolf;1913;m
k00200002821;Die Wiskottens;Herzog, Rudolf;1905;m
k00200002826;Am Kreuz;Hillern, Wilhelmine von;1890;f
k00200002831;Die Sonne von St. Moritz;Höcker, Paul Oskar;1910;m
k00200002836;Der eiserne Rittmeister;Hoffmann, Hans;1890;m
k00200002841;Moschele;Hoffmann, Franz;1854;m
k00200002844;Arge Sitten;Hopfen, Hans;1869;m
k00200002845;Robert Leichtfuß;Hopfen, Hans;1888;m
k00200002846;Peregretta;Hopfen, Hans;1864;m
k00200002848;Ein Dieb in der Nacht;Hornung, Ernest William;1908;m
k00200002849;Ein Einbrecher aus Passion;Hornung, Ernest William;1903;m
k00200002850;Raffles als Richter;Hornung, Ernest William;1912;m
k00200002851;Der Schatten des Stricks. Erster Band;Hornung, Ernest William;1906;m
k00200002852;Der Schatten des Stricks. Zweiter Band;Hornung, Ernest William;1907;m
k00200002855;Schüsse in der Nacht;Hruschka, Annie;1914;f
k00200002856;Das silberne Auto;Hruschka, Annie;1910;f
k00200002857;Peter Michel;Huch, Friedrich;1901;m
k00200002858;Wilhelm Brinkmeyers Abenteuer;Huch, Rudolf;1911;m
k00200002859;Unter einem Dach;Hübener, Helene;1897;f
k00200002860;Die drei Freundinnen;Hübener, Helene;1899;f
k00200002861;Großmütterchen;Hübener, Helene;1902;f
k00200002862;Aus dem Leben einer Waise;Hübener, Helene;1912;f
k00200002863;Maria und Lisa;Hübener, Helene;1904;f
k00200002865;Die Nachbarn;Hübener, Helene;1914;f
k00200002867;Im Rosenhaus;Hübener, Helene;1910;f
k00200002875;Der Stern des Orsini;Huna, Ludwig;1920;m
k00200002884;Der rote Teufel;Janitschek, Maria;1916;f
k00200002888;Die Sebalds. Erster Band. Im alten Hause.;Jordan, Wilhelm;1885;m
k00200002889;Die Sebalds. Zweiter Band. Exodus;Jordan, Wilhelm;1885;m
k00200002890;Der Obstkahn am Elisabethufer;Kabel, Walter;1878;m
k00200002892;Am Ende der Welt;Kabel, Walter;1878;m
k00200002894;Wiener Kinder;Karlweis, Carl;1887;m
k00200002896;Michael Hely;Karrillon, Adam;1904;m
k00200002898;Ferien vom Ich;Keller, Paul;1915;m
k00200002902;Papas Junge;Koch, Henny;1905;f
k00200002903;Die Patentochter des alten Fritz;Koch, Henny;1916;f
k00200002904;Im Haus der Witwe;Kohlrausch, Robert;1901;m
k00200002905;Am toten See;Kohlrausch, Robert;1914;m
k00200002908;Die Jobsiade;Kortum, Carl Arnold;1799;m
k00200002909;Tubal der Friedlose;Krag, Thomas P.;1910;m
k00200002939;Mein Herz;Lasker-Schüler, Else;1912;f
k00200002951;Mascotte;Leipziger, Leo;1920;m
k00200002952;Die neuen Linden;Leipziger, Leo;1920;m
k00200002953;Der Rettungsball;Leipziger, Leo;1912;m
k00200002961;El Dorado;Mader, Friedrich Wilhelm;1900;m
k00200002963;Wunderwelten;Mader, Friedrich Wilhelm;1911;m
k00200002964;Ilsedores Glück;Mancke, Marie;1905;f
k00200002965;Die Gefangenen der Apachen. Erster Band;Margot, Paul;1868;m
k00200002966;Die Gefangenen der Apachen. Zweiter Band;Margot, Paul;1868;m
k00200002980;Der blaurote Methusalem;May, Karl;1892;m
k00200002988;Das Monogramm;Möllhausen, Balduin;1874;m
k00200002990;Berlin und Sanssouci oder Friedrich der Große und seine Freunde. Erstes Buch;Mühlbach, Luise;1859;f
k00200002991;Berlin und Sanssouci oder Friedrich der Große und seine Freunde. Zweites Buch;Mühlbach, Luise;1859;f
k00200002992;Berlin und Sanssouci oder Friedrich der Große und seine Freunde. Drittes Buch;Mühlbach, Luise;1859;f
k00200002993;Berlin und Sanssouci oder Friedrich der Große und seine Freunde. Viertes Buch;Mühlbach, Luise;1859;f
k00200002995;Die Millionenbraut. Erster Band;Dumas-Mützelburg;1914;m
k00200002996;Die Millionenbraut. Zweiter Band;Dumas-Mützelburg;1914;m
k00200002997;Die Millionenbraut. Dritter Band;Dumas-Mützelburg;1914;m
k00200002998;Die Millionenbraut. Vierter Band;Dumas-Mützelburg;1914;m
k00200003007;Die rote Tinktur;Nordhausen, Richard;1895;m
k00200003015;Jakob van der Nees. Erster Theil. Angela;Paalzow, Henriette;1788;f
k00200003016;Jakob van der Nees. Zweiter Theil. Urica;Paalzow, Henriette;1788;f
k00200003017;Jakob van der Nees. Dritter Theil. Floripes;Paalzow, Henriette;1788;f
k00200003020;Die Tänzerin Barberina;Paul, Adolf;1915;m
k00200003022;Der kluge Pitter;Perfall, Karl von;1918;m
k00200003043;Der Grabenhäger;Polenz, Wilhelm von;1897;m
k00200003044;Thekla Lüdekind. Erster Band;Polenz, Wilhelm von;1900;m
k00200003045;Thekla Lüdekind. Zweiter Band;Polenz, Wilhelm von;1900;m
k00200003055;Drude;Prellwitz, Gertrud;1920;f
k00200003056;Die Erde bebt!;Primer, Fred. W.;1906;m
k00200003065;Frau Übersee;Reck-Malleczewen, Fritz;1918;m
k00200003070;Sebastopol. Erster Band;Retcliffe, John;1856;m
k00200003071;Sebastopol. Zweiter Band;Retcliffe, John;1860;m
k00200003072;Der Tiger;Revel, Hugo Alphonso;1908;m
k00200003082;Die Grandidiers;Rodenberg, Julius;1878;m
k00200003085;Orion;Roquette, Otto;1851;m
k00200003087;Der Stegreifritter;Rosegger, Hans Ludwig;1909;m
k00200003089;Der sechste Sinn;Rosenkrantz, Palle;1913;m
k00200003091;Gräfin Polly;Rosenkrantz, Palle Adam Vilhelm;1907;m
k00200003092;Kerlchens Mutterglück. Provinzmädel Band IX;Rose, Felicitas;1902;f
k00200003093;Bertrade. Die Chronik des Mönchs von Le Saremon;Rüttenauer, Benno;1918;m
k00200003095;Die Enkelin der Liselotte;Rüttenauer, Benno;1912;m
k00200003097;Der Kardinal;Rüttenauer, Benno;1912;m
k00200003099;Prinzessin Jungfrau;Rüttenauer, Benno;1911;m
k00200003106;Ein Namenloser;Sack, Gustav;1919;m
k00200003109;Florian – Das Pferd des Kaisers;Salten, Felix;1919;m
k00200003114;Werden und Wachsen;Sapper, Agnes;1910;f
k00200003116;Huberta Sollacher;Schanz, Frida;1903;f
k00200003122;Subotins Erbe;Schlippenbach, Freifrau G. von;1904;f
k00200003127;Theaterkinder;Schumacher, Tony;1912;f
k00200003133;Joli;Siebe, Josephine;1900;f
k00200003134;Die Tasse des Königs;Siebe, Josephine;1916;f
k00200003144;Jan Blaufink oder See und Theater;Smidt, Heinrich;1864;m
k00200003149;Burschen heraus!;Sperl, August;1914;m
k00200003155;Hans Georg Portner;Sperl, August;1901;m
k00200003156;Richiza;Sperl, August;1909;m
k00200003157;Die Fahrt nach der alten Urkunde;Sperl, August;1893;m
k00200003158;Angela;Spielhagen, Friedrich;1881;m
k00200003159;Ein neuer Pharao;Spielhagen, Friedrich;1889;m
k00200003160;Sturmflut. Erste Abteilung;Spielhagen, Friedrich;1877;m
k00200003161;Sturmflut. Zweite Abteilung;Spielhagen, Friedrich;1877;m
k00200003162;Was will das werden? Erster Theil;Spielhagen, Friedrich;1885;m
k00200003163;Was will das werden? Zweiter Theil;Spielhagen, Friedrich;1885;m
k00200003164;Wo Gritlis Kinder hingekommen sind;Spyri, Johanna;1884;f
k00200003165;Gritlis Kinder kommen weiter;Spyri, Johanna;1886;f
k00200003171;Europa;Sternheim, Carl;1919;m
k00200003196;Der Stärn vo Buebebärg;Tavel, Rudolf von;1907;m
k00200003199;Der Advokatenbauer;Theden, Dietrich;1899;m
k00200003246;Tutu;Ungern-Sternberg, Alexander von;1846;m
k00200003247;Vierzehn Jahr' und sieben Wochen;Ury, Else;1911;f
k00200003249;Baumeisters Rangen;Ury, Else;1910;f
k00200003251;Dornröschen;Ury, Else;1916;f
k00200003253;Flüchtlingskinder;Ury, Else;1918;f
k00200003254;Goldblondchen;Ury, Else;1908;f
k00200003255;Das graue Haus;Ury, Else;1914;f
k00200003261;Nesthäkchens Backfischzeit;Ury, Else;1919;f
k00200003263;Nesthäkchen im Kinderheim;Ury, Else;1915;f
k00200003265;Nesthäkchen und der Weltkrieg;Ury, Else;1917;f
k00200003268;Nesthäkchen und ihre Puppen;Ury, Else;1913;f
k00200003269;Nesthäkchens erstes Schuljahr;Ury, Else;1915;f
k00200003271;Kommerzienrats Olly;Ury, Else;1913;f
k00200003275;Studierte Mädel von heute;Ury, Else;1906;f
k00200003285;Die Pfahlburg;Vleuten, Carl Ferdinand van;1909;m
k00200003287;Komtesse Helene;Wachenhusen, Hans;1900;m
k00200003288;Miß Lydia;Wachenhusen, Hans;1882;m
k00200003289;Was die Straße verschlingt. Erster Band;Wachenhusen, Hans;1882;m
k00200003290;Was die Straße verschlingt. Zweiter Band;Wachenhusen, Hans;1882;m
k00200003291;Was die Straße verschlingt. Dritter Band;Wachenhusen, Hans;1882;m
k00200003296;Gisli der Waldgänger aus Islands Heldenzeit;Weber, Leopold;1916;m
k00200003302;Der Teppich des Grauens;Weinert-Wilton, Louis;1900;m
k00200003309;Nahar;Weiß, Ernst;1918;m
k00200003329;Der Todfeind;Westkirch, Luise;1912;f
k00200003340;Die tolle Komteß;Wolzogen, Ernst von;1889;m
k00200003341;Durch graue Gassen;Wothe, Anny;1915;f
k00200003342;Auf hoher Warte;Wothe, Anny;1915;f